,1,2,3,4,5,6,7,8,9,10,11,12,,
A,CGCCAT,AGCGCC,GAATTG,GAGTCC,ATGTGG,TCATAA,TCAGCC,ATCAGA,CTTCTT,GCTCTG,TATCAA,CGGAGT,,
B,ATTTTA,GCACAT,ATTCCG,AGACTA,CTCAAC,CGAGGG,GAAAAC,TCGGTG,GACTGA,TAATCT,CGTGCT,TCCAGC,,
C,GCAACG,CGCGTA,CTGCGC,ATTAAT,TCTCCT,ATCGAG,TACCGT,CGCTGC,ATAGCA,TAGTTA,GCGATC,GGGTAG,,
D,TAGGGC,GATTAT,CGAAAA,TCCCTA,CGGCTG,GACACT,AGTGTG,TCAATT,CGGGAC,CTCCCA,GCATGC,AGATCG,,
E,TAGCCG,ATGACC,TCGTGT,CTCGGT,GCCTTT,CGTATC,CTTTCC,GAACCA,TGTAAG,AGCCGG,GAGGAA,GCAGTA,,
F,GCTGAC,CTGATA,AGTACA,GAGAGG,TACGCA,TAACTC,AGGCCT,CGATTT,GCTAGT,CTACAG,ATATAC,GCCGGG,,
G,AGCATT,TCACGG,GACGTC,CCTTAG,GATATA,CTAACT,CTGGCG,TCGCAC,AGCTAA,GAAGGT,TCGACA,AGTCAC,,
H,CTATGA,TATTGG,TCCGAT,CGACCC,AGAAGC,GCGCGA,GCCAAA,GATGCG,TACATG,ATGGTT,AGGTTC,CTGTAT,,
,,,,,,,,,,,,,,
,,,,,,,,,,,,,,
,,,,,,,,,,,,,,
,,,,,,,,,,,,,,
,,,,,,,,,,,,,,
,,,,,,,,,,,,,,
,,,,,,,,,,,,,,