,1,2,3,4,5,6,7,8,9,10,11,12
A,CAGCGT,TCAGGA,TCTTAA,TTTATG,AGATAG,CTCTCG,GTGCCA,AGTACT,AAGCTC,GACATC,GCAGCC,CGCGGA
B,GATCAC,CGGTTA,GTCAGG,AACGCC,TTGGTA,TGACAC,TCGAGG,ATAAGA,GACGAT,CGATCT,ACTCTT,CCTGCT
C,ACCAGT,TTAACT,ATACTG,CAAGCA,GTTACC,AAGACA,CACTAA,GGTGAG,TCGTTC,CGTCGC,TGCTAT,GCGCTG
D,TGCACG,ATGAAC,TATGTC,GCTCGA,CGCAAC,ACAGAT,GGTATA,TTCCGC,CCAATT,ATGGCG,AAGTGG,GAACCT
E,ACATTA,CCTAAG,GAGTCC,GCGAAT,TGGCGA,TAGGCT,CGCCTG,GAAGTG,AGTTGA,ATTGGT,CTCATA,TTCGAG
F,GTGTAG,AATCCG,GGAGGT,TGGATT,ACCGTG,CTCCAT,AATGAA,CAATGC,AACCGA,GCCACA,CCGACC,AGAATC
G,CTAGTC,GGCTGC,CACACT,ACCTAC,CAACAG,GCATGG,ACAACG,ACGTCT,CAGATG,CATCTA,GGCCAA,AGGCAT
H,TGTGCA,TACCTT,CCGCAA,CGAAGG,GATTGT,AATAGC,ATATCC,CAGGAC,GTAGAA,AACAAG,AGACCA,ACACGC
,,,,,,,,,,,,
,,,,,,,,,,,,
,,,,,,,,,,,,
,,,,,,,,,,,,
,,,,,,,,,,,,